From: @jairbolsonaro,Data publica√ß√£o,Link
"DEUS SALVE NOSSAS CRIAN√áAS. http://bit.ly/M8ulSp
",14/06/2012,https://twitter.com/jairbolsonaro/status/213360731314335744?s=20
DEUS SALVE AS CRIAN√áAS II (2014):,23/04/2014,https://twitter.com/jairbolsonaro/status/459126246270861313?s=20
"Agora na Marcha Para Jesus: FAM√çLIA PROJETO DE DEUS! (C/ 
@PastorMalafaia
 / 
@DepSostenes
 / Magno Malta).",30/05/2015,https://twitter.com/jairbolsonaro/status/604720240128368641?s=20&t=h_pRzlUHwy2_3ZNo_mdswA
BRASIL ACIMA DE TUDO!!! DEUS ACIMA DE TODOS!!! (Via Instagram).,10/07/2015,https://twitter.com/jairbolsonaro/status/619474669599649792?s=20&t=yFc0lwaO_nQGNwP3uGKLug
"Ontem, √†s 22h00 de s√°bado, na ADUD - Assembl√©ia de Deus dos √öltimos Dias - em S√£o Jo√£o de Meriti / RJ.",04/10/2015,https://twitter.com/jairbolsonaro/status/650679669176553472?s=20&t=qvjRM7CI4lL3cuoFqVLCVw
"Sou cat√≥lico, meus filhos + velhos Batistas... agrade√ßo a Deus pela exist√™ncia d cada pessoa q me cerca. #uni√£o",12/10/2015,https://twitter.com/jairbolsonaro/status/653498380392484864?s=20&t=yBPCCkBYHupLE3pTaXfTZQ
"Mantenhamos a esperan√ßa na vit√≥ria! Brasil Acima de Tudo, Deus Acima de Todos! #impeachment #ForaForoDeS√£oPaulo",17/04/2016,https://twitter.com/jairbolsonaro/status/721768996136202240?s=20&t=cGRTFDrsm2N4BzxlTHm0Vg
DILMA NA ONU: pe√ßo a Deus para estar errado.,22/04/2016,https://twitter.com/jairbolsonaro/status/723612749700444161?s=20&t=kRyotFOLBoOpamg7lbMWnA
Parab√©ns aos 235 aspirantes da Escola Naval q hj receberam seus espadins. Brasil acima de tudo. Deus acima de todos!,04/06/2016,https://twitter.com/jairbolsonaro/status/739246000456536064?s=20&t=heORPl5o8j-uRKYjHLbrQQ
"Brasileiros em Israel revelam preocupa√ß√£o no Brasil com: Propriedade privada, Fam√≠lia e Liberdade de religi√£o. http://tinyurl.com/jjdld3b",16/06/2016,https://twitter.com/jairbolsonaro/status/732274879190433795?s=20&t=V8J-Ar3KT-Je3c9PG5gVUA
"Gra√ßas a Deus tudo foi filmado, ou certamente j√° √± teria meu mandato h√° tempos! A Justi√ßa no fim ser√° feita. http://tinyurl.com/gscbry4",21/06/2016,https://twitter.com/jairbolsonaro/status/745369677019385856?s=20&t=MpsP-R-Tw4j0lpGgUuxs_w
Cerim√¥nia de entrega de espada aos Generais de Brigada. BRASIL ACIMA DE TUDO! DEUS ACIMA DE TODOS!,03/08/2016,https://twitter.com/jairbolsonaro/status/760984883321835520?s=20
"COMANDO DE OPERA√á√ïES TERRESTRES. Passagem de Comando. BRAS√çLIA 23/AGOSTO. BRASIL ACIMA DE TUDO, DEUS ACIMA DE TODOS!",24/08/2016,https://twitter.com/jairbolsonaro/status/768492127315722240?s=20&t=8yM-yfRQFw3PYoXKLg46hA
BRASIL ACIMA DE TUDO! DEUS ACIMA DE TODOS! Cassados pelo Congresso em 1964 e cassados pelo Congresso em 2016.,31/08/2016,https://twitter.com/jairbolsonaro/status/771038968490098689
"Novos soldados da PMERJ. Parab√©ns aos 510 formandos. DEUS OS ACOMPANHE EM TODAS AS SUAS JORNADAS! Com 
@carlosbolsonaro",23/09/2016,https://twitter.com/jairbolsonaro/status/779377333883002880?s=20&t=iqWbMtgDKfqhyeCADYZsgA
"Formatura - novos Soldados da PMERJ. Grato pelo carinho e considera√ß√£o. Brasil acima de tudo, Deus acima de todos!",21/10/2016,https://twitter.com/jairbolsonaro/status/789520843969794048?s=20
No Batalh√£o de Choque PMERJ - Vel√≥rio dos Policiais vitimados por abate de aeronave. Deus conforte seus familiares.,20/11/2016,https://twitter.com/jairbolsonaro/status/800398111302504448?s=20&t=Zd4oghsvGCpIEZRURAGniA
Agora dizem que quero proibir v√≠deo game!!! Meu Deus! GAME OVER PARA MAIS UMA CAL√öNIA.,08/03/2017,https://twitter.com/jairbolsonaro/status/839481856609353728?s=20&t=7CnbHrxRXmJ8_HDXldDoqg
"Mudem o foco, pelo amor de Deus! Vamos falar de outras coisas s√©rias, mas de outros assuntos!",20/04/2017,https://twitter.com/jairbolsonaro/status/855059188032122881?s=20
"Vamos contextualizar a fala, pelo amor de Deus! ",20/04/2017,https://twitter.com/jairbolsonaro/status/855061913616740352
"Depois q apagaram e mostrei o print, agora republicaram! Notem o hor√°rio das postagens! Meu Deus, pra q isso?",20/04/2017,https://twitter.com/jairbolsonaro/status/855063721550499840?s=20
"Reflitam e tirem suas conclus√µes! Deus acima de tudo, Brasil acima de todos! üáßüá∑",06/05/2017,https://twitter.com/jairbolsonaro/status/860977461693222912?s=20
Mais uma! Meus Deus! Kkkk...,21/05/2017,https://twitter.com/jairbolsonaro/status/866457599155351553?s=20
MEU DEUS! INACREDIT√ÅVEL LER ISTO!,24/05/2017,https://twitter.com/jairbolsonaro/status/867368798692798464?s=20
Obrigado Natal/RN. Um abra√ßo Nordeste. Brasil acima de tudo! Deus acima de todos!,10/06/2017,https://twitter.com/jairbolsonaro/status/873661501751648256?s=20
Estado Laico e Religi√£o.,28/06/2017,https://twitter.com/jairbolsonaro/status/880196845628080133?s=20
90 Policiais Militares foram executados no Rio de Janeiro em 2017. Somente a f√© os mant√™m defendendo a sociedade.,23/07/2017,https://twitter.com/jairbolsonaro/status/889063428068970496?s=20
"IV Semin√°rio ""A voz do Campo."" Gramado/RS - Sempre ao lado de quem produz. Brasil acima de tudo! Deus acima de todos!",26/07/2017,https://twitter.com/jairbolsonaro/status/890335406725754888?s=20
DIA DO SURDO: Meu Deus! Agrade√ßo o empenho e aproxima√ß√£o de minha esposa aos grupos que merecem nosso carinho e empenho! Vamos aprendendo! https://twitter.com/mfbrana/status/912691648227930112,26/07/2017, https://twitter.com/jairbolsonaro/status/912699870141706240?s=20
"O cart√£o postal do Brasil voltar√° a ser maravilhoso. Para tanto precisamos de um presidente honesto, patriota e que tenha Deus no cora√ß√£o.",14/08/2017,https://twitter.com/jairbolsonaro/status/897089077664788480?s=20
"07/setembro/2017.
- Brasil acima de tudo!
- Deus acima de todos!
- Cap R/1 - Jair Bolsonaro.",07/09/2017,https://twitter.com/jairbolsonaro/status/905852237129318401?s=20
"A fakenews ataca novamente! ""Coment√°rios mis√≥ginos"", ""apoio √† ditadura militar""? MEU DEUS! ",28/09/2017,https://twitter.com/jairbolsonaro/status/913391741889335296?s=20
Ressalto que n√£o estou financiando nenhum jornal. Toda propaganda sobre mim est√° sendo espont√¢nea. Obrigado! Boa noite e fiquem com Deus!,06/10/2017,https://twitter.com/jairbolsonaro/status/916158106798829574?s=20
"Eles podem denegrir, apedrejar e mentir √† vontade, se voc√™ responde √© praticamente um crime! Sra. Leilane, a dignidade n√£o est√° na mansid√£o da resposta, mas nos atos e na consci√™ncia de cada um! Talvez n√£o entenda, mas tenho f√©! Um abra√ßo!",14/11/2017,https://twitter.com/jairbolsonaro/status/930440099711635457?s=20
Visitando a Arena Amadeu Teixeira (Manaus-AM) para acompanhar formatura de alunos do Ensino M√©dio da Escola Estadual Waldock Frick de Lira CMPM. Parab√©ns formandos! √â sempre um prazer estar junto do futuro do Brasil. Que Deus aben√ßoe e ilumine as pr√≥ximas gera√ß√µes!,14/12/2017,https://twitter.com/jairbolsonaro/status/941460181027782656?s=20
A popula√ß√£o latino-americana est√° dando o seu recado ap√≥s sucessivos fracassos e crimes da esquerda em todos os pa√≠ses onde imperou! O Foro de S√£o Paulo est√° com os dias contados. Boa noite a todos e fiquem com Deus!,17/12/2017,https://twitter.com/jairbolsonaro/status/942547175858458626?s=20
"Que o esp√≠rito natalino esteja presente em nossos cora√ß√µes e lares! ""E, respondendo o anjo, disse-lhe: Descer√° sobre ti o Esp√≠rito Santo, e a virtude so Alt√≠ssimo te cobrir√° com a sua sombra; por isso tamb√©m o Santo, que de ti h√° de nascer, ser√° chamado Filho de Deus."" Lucas 1:35",24/12/2017,https://twitter.com/jairbolsonaro/status/944866547885109249?s=20
"Cidad√£os indefesos, policiais sem seguran√ßa jur√≠dica para trabalharem, bandidos rindo da cara da popula√ß√£o com a pol√≠tica de direitos humanos e fragilidade da legisla√ß√£o. Temos que dar uma guinada de dire√ß√£o neste pa√≠s. Coragem, for√ßa e f√©, Brasil. Ainda h√° tempo de virarmos!",10/01/2018,https://twitter.com/jairbolsonaro/status/950915319824035840?s=20
Nossas homenagens ao Soldado Leonardo Assun√ß√£o da Pol√≠cia Militar/SP. Deus conforte seus familiares e amigos.,12/01/2018,https://twitter.com/jairbolsonaro/status/951893413456211971?s=20
"Os amigos do PT, PSOL e PCdoB, destilando ‚Äúamor‚Äù, para n√£o dizer o contr√°rio, em cima dos que seguem qualquer religi√£o! Pris√£o para todos eles, quer o cocalheiro e parceiro de neg√≥cios e ideiais da esquerda! Para eles, s√≥ o estado TEM que ser adorado, caso contr√°rio: ‚Äúfuego‚Äù!",16/01/2018,https://twitter.com/jairbolsonaro/status/953298710921916418?s=20
" T√£o ou mais grave que a corrup√ß√£o institucionalizada pelo PT √© a quest√£o ideol√≥gica. 

- Vitimizam-se e culpam terceiros pelos seus crimes.

- Brasil acima de tudo! Deus acima de todos!",28/03/2018,https://twitter.com/jairbolsonaro/status/978943291973623809?s=20
"Com pesar comunico o passamento de meu Chefe de Gabinete, Capit√£o QAO Jorge Francisco... leal amigo de 20 anos.
- Pedimos a Deus conforto de sua fam√≠lia e amigos.",02/04/2018,https://twitter.com/jairbolsonaro/status/980657155425685504?s=20
" Com pesar comunico o passamento do Capit√£o Jorge Francisco, meu Ch Gab e amigo de 20 anos.
- Nosso compromisso de hoje em Vit√≥ria/ES fica adiado.
- Deus conforte a todos.",02/04/2018,https://twitter.com/jairbolsonaro/status/980760843389370369?s=20
"21 de abril: Meus parab√©ns e reconhecimento ao duro trabalho dos Policiais Militares e Civis de todo Brasil por seu dia. Em um futuro pr√≥ximo melhores dias vir√£o para todos os cidad√£os de bem! Um forte abra√ßo extensivo a toda corpora√ß√£o! Brasil Acima de Tudo! Deus acima de todos!
",21/04/2018,https://twitter.com/jairbolsonaro/status/987697498725765121?s=20
"Paraguai √† Direita. Parab√©ns M√°rio Abdo Ben√≠tez. No campo de batalha ideol√≥gico os inimigos da democracia, do progresso e da fam√≠lia devem ser dizimados nas urnas. Em outubro ser√° a vez do nosso povo bradar: ""Brasil acima de tudo! Deus acima de todos!""",23/04/2018,https://twitter.com/jairbolsonaro/status/988539958871937025?s=20
" S√£o Paulo, 31/maio.
- 26a. Marcha para Jesus.
- Brasil acima de tudo!
- Deus acima de todos!",31/05/2018,https://twitter.com/jairbolsonaro/status/1002320953647550464?s=20
"Parab√©ns Col√¥mbia e bom governo 
@IvanDuque
 ! O Foro de SP da m√°fia bolivariana precisa ser combatido e a popula√ß√£o da Am√©rica do Sul vem dando seu recado! Logo mais, se Deus quiser, no Brasil! üëçüèª",17/06/2018,https://twitter.com/jairbolsonaro/status/1008512871511273472?s=20
"Pelo amor de Deus, O GLOBO! A que ponto chegar√£o?",18/06/2018,https://twitter.com/jairbolsonaro/status/1019720687005655040?s=20
"Na programa√ß√£o do Festival de Inverno de Garanhuns/PE, a exibi√ß√£o da pe√ßa ""O Evangelho segundo Jesus, a rainha dos c√©us."" A quem interessa retratar a imagem de Cristo como transexual? Isso √© liberdade de express√£o? √â arte? √â cultura? Nosso rep√∫dio e protesto. Deus salve o Brasil.",30/06/2018,https://twitter.com/jairbolsonaro/status/1013168711409299457?s=20
Hoje crescente parte da imprensa acordou com vontade maior que o normal para criar factoides a nosso respeito.Kkk.N√£o tenho obsess√£o pelo poder.O que tiver que ser ser√°!Seguimos fazendo nosso trabalho!Pesquise e tire suas conclus√µes!No final ser√° o que Deus e o üáßüá∑ quiserem!üëçüèª,25/07/2018,https://twitter.com/jairbolsonaro/status/1022171409819332608?s=20
"Quem esquece seu passado est√° condenado a n√£o ter futuro. A fam√≠lia √© a base de uma sociedade sadia. Deus nos ilumine em todas as decis√µes que tomarmos, em especial, naquela do dia 07 de outubro.",27/07/2018,https://twitter.com/jairbolsonaro/status/1022824252175724544?s=20
Que Deus conforte seus familiares e proteja a todos nesse injusto pa√≠s!,07/08/2018,https://twitter.com/jairbolsonaro/status/1026807626825457665?s=20
Grato pelos que assistiram ao debate at√© este hor√°rio. Somos os √∫nicos verdadeiramente capazes de fazer as mudan√ßas necess√°rias para colocar o Brasil nos trilhos sem estar ref√©m de partidos e do sistema. Boa noite e fiquem com Deus! üáßüá∑,10/08/2018,https://twitter.com/jairbolsonaro/status/1027770133232734211?s=20
Obrigado molecada! Um abra√ßo a voc√™s e seus pais! Kkkkkk! Fiquem com Deus!,11/08/2018,https://twitter.com/jairbolsonaro/status/1028446786992652293?s=20
Meu Deus! Kkkkkkkk! √â inacredit√°vel!,14/08/2018,https://twitter.com/jairbolsonaro/status/1029519185557291008?s=20
"Livre de acord√µes com corruptos para atender aos interesses da na√ß√£o e  n√£o de partidos pol√≠ticos; Contra o aborto; A favor da redu√ß√£o da  maioridade penal; Por fim, um presidente que seja honesto, patriota e tenha Deus no cora√ß√£o. VAMOS JUNTOS MUDAR O BRASIL! üëâüëâ",16/08/2018,https://twitter.com/jairbolsonaro/status/1030195606222974978?s=20
"Sou Jair Messias Bolsonaro, Capit√£o do Ex√©rcito Brasileiro e candidato √† Presid√™ncia da Rep√∫blica com o n√∫mero 17. Um forte abra√ßo!
""BRASIL ACIMA DE TUDO, DEUS ACIMA DE TODOS!""",17/08/2018,https://twitter.com/jairbolsonaro/status/1030583128404975616?s=20
"Nossa equipe est√° sendo formada visando um governo bem-sucedido sem a obsess√£o pelo poder. Sem marketeiros, sem falsas promessas, sem discurso pronto e sem indica√ß√µes pol√≠ticas. Somos os √∫nicos realmente em condi√ß√µes de mudar o Brasil! Boa noite a todos e fiquem com Deus!",18/08/2018,https://twitter.com/jairbolsonaro/status/1030656380045287427?s=20
"Meus sentimentos aos parentes e amigos dos tr√™s Policiais Militares que foram executados na tarde de hoje, na Vila Manoel S√°tiro, em Fortaleza, Cear√°. √â inadmiss√≠vel que este tipo de barbaridade esteja acontecendo diariamente em nosso pa√≠s. Que Deus conforte as fam√≠lias!",23/08/2018,https://twitter.com/jairbolsonaro/status/1032772786178154496?s=20
"Agrade√ßo do fundo do meu cora√ß√£o a Deus, minha esposa e filhos, que est√£o ao meu lado, aos m√©dicos que cuidam de mim e que s√£o essenciais para que eu pudesse continuar com voc√™s aqui na terra, e a todos pelo apoio e ora√ß√µes!",07/09/2018,https://twitter.com/jairbolsonaro/status/1038112690143731712?s=20
"Continuamos √† frente na disputa, contando com a espont√¢nea ajuda de sempre que parte de cada um de n√≥s, dentro das condi√ß√µes poss√≠veis. De forma alguma estamos fora do pleito! N√£o daremos esse gosto a quem desejou este desfecho! Brasil Acima de Tudo! Deus acima de todos!",09/09/2018,https://twitter.com/jairbolsonaro/status/1038857046467256326?s=20
"Aos que se preocuparam e fizeram suas ora√ß√µes na noite passada o meu muito obrigado! Tudo correu bem, gra√ßas a Deus e aos que est√£o cuidando de minha sa√∫de e recupera√ß√£o, faxineiros, enfermeiros, psic√≥logo, fisioterapeuta e m√©dicos. Seguimos firmes! üëçüèª",13/09/2018,https://twitter.com/jairbolsonaro/status/1040332132684623874?s=20
Deus no comando! üáßüá∑,15/09/2018,https://twitter.com/jairbolsonaro/status/1041044562909777920?s=20
"Momento de resgatar nosso orgulho de ser brasileiro; de estampar nossa bandeira verde e amarela em nossas casas; de resgatarmos nosso direito de ir e vir; Falta pouco para darmos o primeiro passo em dire√ß√£o √† grandeza! Brasil acima de tudo, Deus acima de todos!",02/10/2018,https://twitter.com/jairbolsonaro/status/1047287089354735616?s=20
"Estamos fortes, com poucos recursos, sem acord√µes, sem tempo de TV e impossibilitado de fazer campanha na rua pela tentativa de assassinato que sofri. Nossa for√ßa √© apenas a verdade e o apoio de todos voc√™s. O BRASIL √â NOSSO! Vamos √† vit√≥ria! Boa tarde e fiquem com Deus!",06/10/2018,https://twitter.com/jairbolsonaro/status/1048621390700662784?s=20
" UM FORTE ABRA√áO A TODOS OS BRASILEIROS! 
- DEUS NOS ABEN√áOE!

. JAIR BOLSONARO 1Ô∏è‚É£7Ô∏è‚É£ üáßüá∑

. Link de nossos candidatos pelo Brasil. https://bolsonaro.com.br/vote",06/10/2018,https://twitter.com/jairbolsonaro/status/1048764677445111809?s=20
"Acabamos de fazer uma liga√ß√£o via Skype entre o Professor 
@OdeCarvalho
 , 
@filgmartin
 e 
@CarlosBolsonaro
 num breve bate papo sobre os rumos do Brasil! üëçüèª! Muitos outros vir√£o, se Deus quiser!",17/10/2018,https://twitter.com/jairbolsonaro/status/1052703230197526528?s=20
"Infelizmente minha sa√∫de n√£o permite participar de atos p√∫blicos. H√° cerca de um m√™s sofri uma tentativa de assassinato por um ex-militante do PSOL. Por√©m, estou acompanhando os atos e meu cora√ß√£o est√° com todos voc√™s! Muito obrigado e que Deus os aben√ßoe! #NasRuasComBolsonaro",21/10/2018,https://twitter.com/jairbolsonaro/status/1054027885235834882?s=20
"Estamos iniciando a √∫ltima semana a caminho de, se Deus quiser, nossa nova Independ√™ncia! Vamos tirar o Brasil do vermelho e devolv√™-lo aos brasileiros! üáßüá∑",22/10/2018,https://twitter.com/jairbolsonaro/status/1054350557090070531?s=20
"Muito obrigado aos jovens goianos! Voc√™ s√£o o futuro. BRASIL ACIMA DE TUDO, DEUS ACIMA DE TODOS! Um forte abra√ßo!",26/10/2018,https://twitter.com/jairbolsonaro/status/1055935082215694337?s=20
"Falta pouco para conquistarmos nossa nova independ√™ncia; o 1‚Ä¢ passo rumo ao pa√≠s da justi√ßa, do emprego, seguran√ßa e da liberdade. Pe√ßo, de cora√ß√£o, que continuem engajados, mostrando que temos a melhor proposta at√© o fim e encarando as mentiras de meu opositor! Fiquem com Deus!",26/10/2018,https://twitter.com/jairbolsonaro/status/1055982222921158656?s=20
"Se for da vontade de Deus, amanh√£ ser√° o dia de nossa nova independ√™ncia. Vamos derrotar o partido dos maiores esc√¢ndalos de corrup√ß√£o da hist√≥ria, do Petrol√£o, do Mensal√£o, do Foro de SP, dos inimigos da liberdade e da Constitui√ß√£o! Devolveremos o Brasil aos brasileiros de bem!",27/10/2018,https://twitter.com/jairbolsonaro/status/1056319135720837126?s=20
"Depois de d√©cadas, o Brasil finalmente tem a chance de eleger um presidente que carrega verdadeiramente os valores dos Brasileiros. Vamos juntos mudar os rumos da nossa na√ß√£o! Vamos votar Jair Bolsonaro presidente 17! Um forte abra√ßo a todos e at√© a vit√≥ria, se Deus quiser!",27/10/2018,https://twitter.com/jairbolsonaro/status/1056348052624158721?s=20
"AT√â A VIT√ìRIA, SE DEUS QUISER! üáßüá∑üáßüá∑üáßüá∑üáßüá∑",27/10/2018,https://twitter.com/jairbolsonaro/status/1056349605582045184?s=20
"Agrade√ßo a todos que me enviaram lembran√ßas das mais variadas, s√≠mbolo da esperan√ßa depositada no futuro governo. Que Deus nos aben√ßoe! Um forte abra√ßo a todos!
",12/11/2018,https://twitter.com/jairbolsonaro/status/1062005995864494082?s=20
"Gra√ßas a Deus temos a internet para ter informa√ß√£o e desenvolvimento!
",17/11/2018,https://twitter.com/jairbolsonaro/status/1063772237621280768?s=20
Lamento a aus√™ncia na Cerim√¥nia de Declara√ß√£o de Novos Aspirantes da For√ßa A√©rea Brasileira! Cumprimento os formandos e suas respectivas fam√≠lias e lhes desejo continuados √™xitos e novas conquistas! Brasil acima de tudo; Deus acima de todos! üáßüá∑,07/12/2018,https://twitter.com/jairbolsonaro/status/1071029525893537792?s=20
Meus parab√©ns aos novos declarados Guardas-Marinha neste 8 de dezembro de 2018. Um forte abra√ßo e que Deus aben√ßoe voc√™s e suas fam√≠lias! üáßüá∑,08/12/2018,https://twitter.com/jairbolsonaro/status/1071467201251733513?s=20
"Como sempre tenho dito, encaro esta etapa de minha vida como uma miss√£o de Deus. Faremos o poss√≠vel para dar √† nossa na√ß√£o um futuro com dias melhores. Brasil acima de tudo; Deus acima de todos! üáßüá∑",10/12/2018,https://twitter.com/jairbolsonaro/status/1072208954913120256?s=20
"Ontem, em Guaratinguet√°-SP, na formatura dos Sargentos da Aeron√°utica, na Escola de Especialistas (EEAR). Hoje, em Resende-RJ, parabenizo os mais de 420 Aspirantes-a-Oficial formandos na Academia Militar das Agulhas Negras (AMAN). Brasil Acima de Tudo! Deus Acima de Todos! üáßüá∑",11/12/2018,https://twitter.com/jairbolsonaro/status/1068874487272222720?s=20
"√â surreal e extremamente vergonhoso ver setores da grande m√≠dia debocharem do relato da futura Ministra Damares Alves sobre a f√© em Jesus Cristo, que a livrou de um suic√≠dio desejado por conta de abusos sofridos na inf√¢ncia. Lament√°vel!",13/12/2018,https://twitter.com/jairbolsonaro/status/1073276458448117761?s=20
"Fui surpreendido com a not√≠cia que minha esposa retiraria imagens cat√≥licas da futura resid√™ncia oficial devido sua religi√£o. Ela evang√©lica e eu cat√≥lico, ambos temos objetos que lembram nossa f√© em nossa casa! N√£o por acaso, criam narrativas para nos desgastar a todo custo!",18/12/2018,https://twitter.com/jairbolsonaro/status/1074975132299526144?s=20
"Hoje pela manh√£ recebi representantes de igrejas evang√©licas dos EUA e conversamos sobre suas e nossas vis√µes. Mesmo sendo cat√≥lico, creio que toda religi√£o traz consigo algo que possa agregar a qualquer um de n√≥s! O que importa √© que sempre tenhamos f√©! Um bom dia a todos!",20/12/2018,https://twitter.com/jairbolsonaro/status/1075699705638731776?s=20
"√â chegado mais um Natal, momento especial onde relembramos com nossas sagradas fam√≠lias o nascimento de Cristo.

√â com este sentimento, inspirado na fam√≠lia simples que recebeu em um humilde pres√©pio a encarna√ß√£o do pr√≥prio Deus, que  contemplamos a chegada de um novo Brasil.",24/12/2018,https://twitter.com/jairbolsonaro/status/1077128755980783616?s=20
"Com humildade, aceitando quem tem no cora√ß√£o a vontade de construir um Brasil melhor, buscaremos nos pr√≥ximos anos restaurar o sentimento familiar h√° muito desgastado em nossa sociedade, bem como a paz dentro de nossos lares. Tenhamos todos um Feliz Natal! Fiquem com Deus!",24/12/2018,https://twitter.com/jairbolsonaro/status/1077129343560761344?s=20
Agrade√ßo a men√ß√£o dos amigos venezuelanos! Estes exp√µem o massacre di√°rio que seu povo sofre pelo aliado dos esquerdistas brasileiros que afundou seu pa√≠s no caos! Que Deus nos proteja e nos livre do comunismo!,20/12/2018,https://twitter.com/jairbolsonaro/status/1031726475882450944?s=20
"Vamos pegar pesado contra a viol√™ncia para termos um Brasil mais seguro e livre para todas as pessoas, independente de cor, sexualidade e religi√£o. Queremos devolver √† popula√ß√£o o prazer de andar na rua sem medo, de viver sem medo. Nosso inimigo √© o crime, n√£o o cidad√£o!",09/10/2018,https://twitter.com/jairbolsonaro/status/1049692679829893120?s=20
"Livre de acord√µes com corruptos para atender aos interesses da na√ß√£o e  n√£o de partidos pol√≠ticos; Contra o aborto; A favor da redu√ß√£o da  maioridade penal; Por fim, um presidente que seja honesto, patriota e tenha Deus no cora√ß√£o. VAMOS JUNTOS MUDAR O BRASIL! üëâüëâ",16/8/2018,https://twitter.com/jairbolsonaro/status/1030195606222974978?s=20&t=1mKkSg8VzXcqxlaC29DkoQ 
"Depois de d√©cadas, o Brasil finalmente tem a chance de eleger um presidente que carrega verdadeiramente os valores dos Brasileiros. Vamos juntos mudar os rumos da nossa na√ß√£o! Vamos votar Jair Bolsonaro presidente 17! Um forte abra√ßo a todos e at√© a vit√≥ria, se Deus quiser!",27/10/2018,https://twitter.com/jairbolsonaro/status/1056348052624158721?s=20&t=1mKkSg8VzXcqxlaC29DkoQ
"Quando o governo √© justo, o pa√≠s tem seguran√ßa; mas, quando cobra impostos demais, a na√ß√£o acaba na desgra√ßa.",02/04/2016,https://twitter.com/jairbolsonaro/status/716373988335828992?s=20&t=4QRZwJytHCi2zw9peYIESw
"COM MENTIRAS O PT GANHOU ELEI√á√ïES, MAS SOMENTE COM VERDADES SEREMOS UMA GRANDE NA√á√ÉO!",01/09/2016,https://twitter.com/jairbolsonaro/status/771502790262665216?s=20&t=4QRZwJytHCi2zw9peYIESw
"Dia 28/07: anivers√°rio de um s√≠mbolo, q ajudou a impedir que nosso pa√≠s se transformasse numa na√ß√£o socialista a exemplo de Cuba! #ustravive",28/07/2017,https://twitter.com/jairbolsonaro/status/891041698498977795?s=20&t=4QRZwJytHCi2zw9peYIESw
"""Para ser uma grande na√ß√£o o Brasil precisa de um presidente honesto, crist√£o e PATRIOTA. Meu voto √© n√£o."" Com 
@BolsonaroSP",02/08/2017,https://twitter.com/jairbolsonaro/status/892892896969490432?s=20&t=4QRZwJytHCi2zw9peYIESw
"MAIS QUE A VIDA DO CIDAD√ÉO, A ARMA GARANTE A LIBERDADE DE UMA NA√á√ÉO. Via 
@tradutores_br",08/08/2017,https://twitter.com/jairbolsonaro/status/894915061902397440?s=20&t=4QRZwJytHCi2zw9peYIESw
"Temos buscado nomes qualificados para compor nosso time, que ser√° bem menor, antes de qualquer resultado. Na pr√°tica, √© a garantia de uma equipe comprometida com os interesses da na√ß√£o e n√£o com partidos pol√≠ticos, que √© o que tem mantido o Brasil na lama nos √∫ltimos governos.",05/03/2018,https://twitter.com/jairbolsonaro/status/970808819625484288?s=20&t=4QRZwJytHCi2zw9peYIESw
"Via 
@CarlosBolsonaro
 : Uma boa not√≠cia em prol da preserva√ß√£o da hist√≥ria do Brasil e do importante papel das For√ßas Armadas na prote√ß√£o de nossa na√ß√£o. Parab√©ns a todos, em especial aos bravos guerreiros do Ex√©rcito Brasileiro que hoje comemoram seu dia!",19/04/2018,https://twitter.com/jairbolsonaro/status/986993792044683264?s=20&t=4QRZwJytHCi2zw9peYIESw
"Elogio a Roberto Marinho e ""A Na√ß√£o que se salvou a si mesma.""",23/07/2018,https://twitter.com/jairbolsonaro/status/1021450286177619969?s=20&t=4QRZwJytHCi2zw9peYIESw
"Livre de acord√µes com corruptos para atender aos interesses da na√ß√£o e  n√£o de partidos pol√≠ticos; Contra o aborto; A favor da redu√ß√£o da  maioridade penal; Por fim, um presidente que seja honesto, patriota e tenha Deus no cora√ß√£o. VAMOS JUNTOS MUDAR O BRASIL! üëâüëâ",16/08/2018,https://twitter.com/jairbolsonaro/status/1030195606222974978?s=20&t=4QRZwJytHCi2zw9peYIESw
"Uma m√° not√≠cia a quem s√≥ restou torcer contra minha sa√∫de e recupera√ß√£o: Nunca me senti t√£o feliz e bem! Estamos voltando para, juntos, fazermos do Brasil uma grande na√ß√£o! üáßüá∑",21/09/2018,https://twitter.com/jairbolsonaro/status/1043159966281023488?s=20&t=4QRZwJytHCi2zw9peYIESw
"H√° tempos temos percorrido o Brasil, de Norte a Sul, conhecendo as peculiaridades de cada regi√£o. N√£o nos importamos com nosso pa√≠s apenas em per√≠odos eleitorais com o oportunismo pol√≠tico habitual. Sempre constru√≠mos a confian√ßa no olho a olho! Juntos vamos resgatar nossa na√ß√£o!",22/09/2018,https://twitter.com/jairbolsonaro/status/1043436822045569025?s=20&t=4QRZwJytHCi2zw9peYIESw
"Antes de qualquer resultado, temos encontrado nomes qualificados para compor nosso time. Na pr√°tica, √© a garantia de uma equipe comprometida com interesses da na√ß√£o e n√£o com indica√ß√µes de lideran√ßas de partidos pol√≠ticos, o que tem mantido o Brasil na lama nos √∫ltimos governos.",24/09/2018,https://twitter.com/jairbolsonaro/status/1044163347720081415?s=20&t=4QRZwJytHCi2zw9peYIESw
"Irm√£os do Nordeste e do Brasil, tamb√©m fomentando a economia com o turismo, combatendo a viol√™ncia e trazendo para perto de n√≥s, pa√≠ses que somar√£o conosco! Vamos juntos mudar os rumos de nossa grande na√ß√£o!",25/10/2018,https://twitter.com/jairbolsonaro/status/1053639035850276864?s=20&t=4QRZwJytHCi2zw9peYIESw
"Pa√≠ses com mais liberdade econ√¥mica no mundo possuem taxas baix√≠ssimas de desemprego. N√≥s seguiremos este rumo. 
N√≥s criaremos emprego como nunca! O Norte e o Nordeste crescer√£o! Sul, Sudeste e Centro-Oeste voltar√£o a crescer! O Brasil ser√° uma grande na√ß√£o!",25/10/2018,https://twitter.com/jairbolsonaro/status/1055470354569797632?s=20&t=4QRZwJytHCi2zw9peYIESw
N√ìS VAMOS FAZER DO BRASIL UMA GRANDE NA√á√ÉO! Boa noite a todos! üëçüèª,25/10/ 2018,https://twitter.com/jairbolsonaro/status/1055635879237173248?s=20&t=4QRZwJytHCi2zw9peYIESw
"Para voltarmos a crescer como na√ß√£o precisamos fazer valer nossa soberania e nossas leis. Devemos respeitar o mundo todo, mas tamb√©m ser respeitados. Seremos um Brasil amigo, mas que tem seus valores e princ√≠pios b√°sicos.",28/11/2018,https://twitter.com/jairbolsonaro/status/1067768471965130752?s=20&t=4QRZwJytHCi2zw9peYIESw
"Recebi a ilustre visita do Embaixador de Israel, Yossi Shelley, na companhia do futuro Chanceler, Ernesto Ara√∫jo, e do futuro Ministro de Estado Chefe do Gab. de Seguran√ßa Institucional, General Heleno. O Brasil tem tudo pra ser uma na√ß√£o respeitada e admirada no mundo todo. üáßüá∑",28/11/2018,https://twitter.com/jairbolsonaro/status/1067768471965130752?s=20&t=4QRZwJytHCi2zw9peYIESw
"Como sempre tenho dito, encaro esta etapa de minha vida como uma miss√£o de Deus. Faremos o poss√≠vel para dar √† nossa na√ß√£o um futuro com dias melhores. Brasil acima de tudo; Deus acima de todos! üáßüá∑",10/12/2018,https://twitter.com/jairbolsonaro/status/1072208954913120256?s=20&t=4QRZwJytHCi2zw9peYIESw
"O trabalho de intelig√™ncia √© dos mais importantes e sens√≠veis para a seguran√ßa da na√ß√£o. No entanto, por sua natureza discreta, raramente √© reconhecido. No que depender deste governo n√£o faltar√° apoio e valoriza√ß√£o para os profissionais da √°rea!",30/12/2018,https://twitter.com/jairbolsonaro/status/1079348551908503552?s=20&t=SSnKyHR3eU0wgtT-pN4gdw